idna_subject,checker_type,destination,source,tested_at,session_id
acbp0020171456.page.tl,AVAILABILITY,domains.list,domains.list,2026-10-01 06:57:55.875301+00:00,375bf4e180c30cf2c8103362
ad-miner.com,AVAILABILITY,domains.list,domains.list,2026-10-01 06:57:56.805200+00:00,375bf4e180c30cf2c8103362
adminer.com,AVAILABILITY,domains.list,domains.list,2026-10-01 06:57:57.775541+00:00,375bf4e180c30cf2c8103362
aeros02.tk,AVAILABILITY,domains.list,domains.list,2026-10-01 06:58:04.378743+00:00,375bf4e180c30cf2c8103362
aeros12.tk,AVAILABILITY,domains.list,domains.list,2026-10-01 06:58:11.214494+00:00,375bf4e180c30cf2c8103362
afminer.com,AVAILABILITY,domains.list,domains.list,2026-10-01 06:58:12.626117+00:00,375bf4e180c30cf2c8103362
analytics.blue,AVAILABILITY,domains.list,domains.list,2026-10-01 06:58:13.310410+00:00,375bf4e180c30cf2c8103362
api.browsermine.com,AVAILABILITY,domains.list,domains.list,2026-10-01 06:58:14.315928+00:00,375bf4e180c30cf2c8103362
authedmine.com,AVAILABILITY,domains.list,domains.list,2026-10-01 06:58:14.818008+00:00,375bf4e180c30cf2c8103362
authedmine.eu,AVAILABILITY,domains.list,domains.list,2026-10-01 06:58:15.593013+00:00,375bf4e180c30cf2c8103362
authedwebmine.cz,AVAILABILITY,domains.list,domains.list,2026-10-01 06:58:16.434303+00:00,375bf4e180c30cf2c8103362
bablace.com,AVAILABILITY,domains.list,domains.list,2026-10-01 06:58:16.810964+00:00,375bf4e180c30cf2c8103362
bafybeidravcab5p3acvthxtwosm4rfpl4yypwwm52s7sazgxaezfzn5xn4.ipfs.infura-ipfs.io,AVAILABILITY,domains.list,domains.list,2026-10-01 06:58:37.001746+00:00,375bf4e180c30cf2c8103362
becanium.com,AVAILABILITY,domains.list,domains.list,2026-10-01 06:58:38.066014+00:00,375bf4e180c30cf2c8103362
besocial.online,AVAILABILITY,domains.list,domains.list,2026-10-01 06:58:38.359953+00:00,375bf4e180c30cf2c8103362
bestsrv.de,AVAILABILITY,domains.list,domains.list,2026-10-01 06:58:43.620571+00:00,375bf4e180c30cf2c8103362
binarybusiness.de,AVAILABILITY,domains.list,domains.list,2026-10-01 06:58:45.238236+00:00,375bf4e180c30cf2c8103362
bitcoin-cashcard.com,AVAILABILITY,domains.list,domains.list,2026-10-01 06:58:46.176969+00:00,375bf4e180c30cf2c8103362
bmst.pw,AVAILABILITY,domains.list,domains.list,2026-10-01 06:58:47.043448+00:00,375bf4e180c30cf2c8103362
browsermine.com,AVAILABILITY,domains.list,domains.list,2026-10-01 06:58:47.628273+00:00,375bf4e180c30cf2c8103362
cashbeet.com,AVAILABILITY,domains.list,domains.list,2026-10-01 06:58:48.931856+00:00,375bf4e180c30cf2c8103362
cdn.cloudcoins.co,AVAILABILITY,domains.list,domains.list,2026-10-01 06:58:49.461974+00:00,375bf4e180c30cf2c8103362
cdn.minescripts.info,AVAILABILITY,domains.list,domains.list,2026-10-01 06:58:51.410320+00:00,375bf4e180c30cf2c8103362
cdn1.pebx.pl,AVAILABILITY,domains.list,domains.list,2026-10-01 06:58:51.684957+00:00,375bf4e180c30cf2c8103362
cfcdist.gdn,AVAILABILITY,domains.list,domains.list,2026-10-01 06:58:52.218607+00:00,375bf4e180c30cf2c8103362
cloud-miner.eu,AVAILABILITY,domains.list,domains.list,2026-10-01 06:58:53.510606+00:00,375bf4e180c30cf2c8103362
cnhv.co,AVAILABILITY,domains.list,domains.list,2026-10-01 06:58:54.085413+00:00,375bf4e180c30cf2c8103362
coin-have.com,AVAILABILITY,domains.list,domains.list,2026-10-01 06:58:54.713494+00:00,375bf4e180c30cf2c8103362
coinblind.com,AVAILABILITY,domains.list,domains.list,2026-10-01 06:58:55.138934+00:00,375bf4e180c30cf2c8103362
coinerra.com,AVAILABILITY,domains.list,domains.list,2026-10-01 06:59:15.290322+00:00,375bf4e180c30cf2c8103362
coinnebula.com,AVAILABILITY,domains.list,domains.list,2026-10-01 06:59:15.737847+00:00,375bf4e180c30cf2c8103362
coinpot.co,AVAILABILITY,domains.list,domains.list,2026-10-01 06:59:16.935916+00:00,375bf4e180c30cf2c8103362
coinrail.io,AVAILABILITY,domains.list,domains.list,2026-10-01 06:59:17.067722+00:00,375bf4e180c30cf2c8103362
cryptaloot.pro,AVAILABILITY,domains.list,domains.list,2026-10-01 06:59:38.481795+00:00,375bf4e180c30cf2c8103362
crypto-loot.com,AVAILABILITY,domains.list,domains.list,2026-10-01 06:59:39.295684+00:00,375bf4e180c30cf2c8103362
crypto-webminer.com,AVAILABILITY,domains.list,domains.list,2026-10-01 06:59:39.767620+00:00,375bf4e180c30cf2c8103362
crypto.csgocpu.com,AVAILABILITY,domains.list,domains.list,2026-10-01 06:59:40.927007+00:00,375bf4e180c30cf2c8103362
cryptoloot.pro,AVAILABILITY,domains.list,domains.list,2026-10-01 06:59:41.237418+00:00,375bf4e180c30cf2c8103362
dev.cryptobara.com,AVAILABILITY,domains.list,domains.list,2026-10-01 06:59:43.178334+00:00,375bf4e180c30cf2c8103362
digger.cryptobara.com,AVAILABILITY,domains.list,domains.list,2026-10-01 06:59:43.751567+00:00,375bf4e180c30cf2c8103362
dl.browsermine.com,AVAILABILITY,domains.list,domains.list,2026-10-01 06:59:44.175919+00:00,375bf4e180c30cf2c8103362
donttbeevils.de,AVAILABILITY,domains.list,domains.list,2026-10-01 06:59:44.757953+00:00,375bf4e180c30cf2c8103362
easyhash.de,AVAILABILITY,domains.list,domains.list,2026-10-01 06:59:45.560767+00:00,375bf4e180c30cf2c8103362
ethereum-cashcard.com,AVAILABILITY,domains.list,domains.list,2026-10-01 06:59:46.698557+00:00,375bf4e180c30cf2c8103362
ethereum-pocket.com,AVAILABILITY,domains.list,domains.list,2026-10-01 06:59:47.128669+00:00,375bf4e180c30cf2c8103362
ethtrader.de,AVAILABILITY,domains.list,domains.list,2026-10-01 06:59:48.165481+00:00,375bf4e180c30cf2c8103362
eucsoft.com,AVAILABILITY,domains.list,domains.list,2026-10-01 06:59:48.494948+00:00,375bf4e180c30cf2c8103362
evilsbedont.de,AVAILABILITY,domains.list,domains.list,2026-10-01 06:59:49.142986+00:00,375bf4e180c30cf2c8103362
exdynsrv.com,AVAILABILITY,domains.list,domains.list,2026-10-01 06:59:49.264321+00:00,375bf4e180c30cf2c8103362
flare-analytics.com,AVAILABILITY,domains.list,domains.list,2026-10-01 06:59:50.861426+00:00,375bf4e180c30cf2c8103362
g1thub.com,AVAILABILITY,domains.list,domains.list,2026-10-01 06:59:51.420458+00:00,375bf4e180c30cf2c8103362
gramombird.com,AVAILABILITY,domains.list,domains.list,2026-10-01 06:59:52.674203+00:00,375bf4e180c30cf2c8103362
gridiogrid.com,AVAILABILITY,domains.list,domains.list,2026-10-01 06:59:53.855680+00:00,375bf4e180c30cf2c8103362
hashing.win,AVAILABILITY,domains.list,domains.list,2026-10-01 06:59:54.664501+00:00,375bf4e180c30cf2c8103362
hemnes.win,AVAILABILITY,domains.list,domains.list,2026-10-01 07:00:14.855651+00:00,375bf4e180c30cf2c8103362
hide.ovh,AVAILABILITY,domains.list,domains.list,2026-10-01 07:00:15.066965+00:00,375bf4e180c30cf2c8103362
hive.tubetitties.com,AVAILABILITY,domains.list,domains.list,2026-10-01 07:00:15.237787+00:00,375bf4e180c30cf2c8103362
igrid.org,AVAILABILITY,domains.list,domains.list,2026-10-01 07:00:15.448122+00:00,375bf4e180c30cf2c8103362
jqcdn01.herokuapp.com,AVAILABILITY,domains.list,domains.list,2026-10-01 07:00:15.907511+00:00,375bf4e180c30cf2c8103362
jqcdn03.herokuapp.com,AVAILABILITY,domains.list,domains.list,2026-10-01 07:00:16.082817+00:00,375bf4e180c30cf2c8103362
jqcdn2.herokuapp.com,AVAILABILITY,domains.list,domains.list,2026-10-01 07:00:16.394749+00:00,375bf4e180c30cf2c8103362
js.nahnoji.cz,AVAILABILITY,domains.list,domains.list,2026-10-01 07:00:38.476707+00:00,375bf4e180c30cf2c8103362
jscdndel.com,AVAILABILITY,domains.list,domains.list,2026-10-01 07:00:58.732445+00:00,375bf4e180c30cf2c8103362
jscoinminer.com,AVAILABILITY,domains.list,domains.list,2026-10-01 07:00:59.787363+00:00,375bf4e180c30cf2c8103362
lightminer.co,AVAILABILITY,domains.list,domains.list,2026-10-01 07:01:00.615752+00:00,375bf4e180c30cf2c8103362
mail.ghmproperties.com,AVAILABILITY,domains.list,domains.list,2026-10-01 07:01:01.138357+00:00,375bf4e180c30cf2c8103362
mail.itseasy.com,AVAILABILITY,domains.list,domains.list,2026-10-01 07:01:21.505740+00:00,375bf4e180c30cf2c8103362
mail.shaferglazer.com,AVAILABILITY,domains.list,domains.list,2026-10-01 07:01:41.889177+00:00,375bf4e180c30cf2c8103362
mail.techniservinc.com,AVAILABILITY,domains.list,domains.list,2026-10-01 07:01:42.169137+00:00,375bf4e180c30cf2c8103362
mepirtedic.com,AVAILABILITY,domains.list,domains.list,2026-10-01 07:01:43.330000+00:00,375bf4e180c30cf2c8103362
mine.nahnoji.cz,AVAILABILITY,domains.list,domains.list,2026-10-01 07:02:05.007876+00:00,375bf4e180c30cf2c8103362
mine.torrent.pw,AVAILABILITY,domains.list,domains.list,2026-10-01 07:02:05.345044+00:00,375bf4e180c30cf2c8103362
minemytraffic.com,AVAILABILITY,domains.list,domains.list,2026-10-01 07:02:06.058740+00:00,375bf4e180c30cf2c8103362
miner.cryptobara.com,AVAILABILITY,domains.list,domains.list,2026-10-01 07:02:06.385080+00:00,375bf4e180c30cf2c8103362
miner.nablabee.com,AVAILABILITY,domains.list,domains.list,2026-10-01 07:02:06.667419+00:00,375bf4e180c30cf2c8103362
minero-proxy-01.now.sh,AVAILABILITY,domains.list,domains.list,2026-10-01 07:02:07.559063+00:00,375bf4e180c30cf2c8103362
minero-proxy-02.now.sh,AVAILABILITY,domains.list,domains.list,2026-10-01 07:02:08.388269+00:00,375bf4e180c30cf2c8103362
minero-proxy-03.now.sh,AVAILABILITY,domains.list,domains.list,2026-10-01 07:02:09.217066+00:00,375bf4e180c30cf2c8103362
minescripts.info,AVAILABILITY,domains.list,domains.list,2026-10-01 07:02:10.963812+00:00,375bf4e180c30cf2c8103362
minr.pw,AVAILABILITY,domains.list,domains.list,2026-10-01 07:02:11.192677+00:00,375bf4e180c30cf2c8103362
mm.zubovskaya-banya.ru,AVAILABILITY,domains.list,domains.list,2026-10-01 07:02:11.991310+00:00,375bf4e180c30cf2c8103362
monerominer.rocks,AVAILABILITY,domains.list,domains.list,2026-10-01 07:02:13.208370+00:00,375bf4e180c30cf2c8103362
mxcdn1.now.sh,AVAILABILITY,domains.list,domains.list,2026-10-01 07:02:13.937262+00:00,375bf4e180c30cf2c8103362
mxcdn2.now.sh,AVAILABILITY,domains.list,domains.list,2026-10-01 07:02:14.460883+00:00,375bf4e180c30cf2c8103362
nerohut.com,AVAILABILITY,domains.list,domains.list,2026-10-01 07:02:15.123074+00:00,375bf4e180c30cf2c8103362
nfwebminer.com,AVAILABILITY,domains.list,domains.list,2026-10-01 07:02:16.480383+00:00,375bf4e180c30cf2c8103362
nitrokod.com,AVAILABILITY,domains.list,domains.list,2026-10-01 07:02:17.087253+00:00,375bf4e180c30cf2c8103362
nmq.zxnexus.com,AVAILABILITY,domains.list,domains.list,2026-10-01 07:02:17.333316+00:00,375bf4e180c30cf2c8103362
npcdn1.now.sh,AVAILABILITY,domains.list,domains.list,2026-10-01 07:02:17.970310+00:00,375bf4e180c30cf2c8103362
nvidiacenter.com,AVAILABILITY,domains.list,domains.list,2026-10-01 07:02:18.325849+00:00,375bf4e180c30cf2c8103362
offerreality.com,AVAILABILITY,domains.list,domains.list,2026-10-01 07:02:18.687218+00:00,375bf4e180c30cf2c8103362
ogrid.org,AVAILABILITY,domains.list,domains.list,2026-10-01 07:02:18.815415+00:00,375bf4e180c30cf2c8103362
p.estream.to,AVAILABILITY,domains.list,domains.list,2026-10-01 07:02:20.494629+00:00,375bf4e180c30cf2c8103362
papoto.com,AVAILABILITY,domains.list,domains.list,2026-10-01 07:02:21.184445+00:00,375bf4e180c30cf2c8103362
party-vqgdyvoycc.now.sh,AVAILABILITY,domains.list,domains.list,2026-10-01 07:02:21.900767+00:00,375bf4e180c30cf2c8103362
pearno.com,AVAILABILITY,domains.list,domains.list,2026-10-01 07:02:22.470117+00:00,375bf4e180c30cf2c8103362
pertholin.com,AVAILABILITY,domains.list,domains.list,2026-10-01 07:02:22.706468+00:00,375bf4e180c30cf2c8103362
play.estream.to,AVAILABILITY,domains.list,domains.list,2026-10-01 07:02:23.307134+00:00,375bf4e180c30cf2c8103362
play.estream.xyz,AVAILABILITY,domains.list,domains.list,2026-10-01 07:02:23.578772+00:00,375bf4e180c30cf2c8103362
play.gramombird.com,AVAILABILITY,domains.list,domains.list,2026-10-01 07:02:24.505263+00:00,375bf4e180c30cf2c8103362
play.pampopholf.com,AVAILABILITY,domains.list,domains.list,2026-10-01 07:02:25.419671+00:00,375bf4e180c30cf2c8103362
play.play.estream.to,AVAILABILITY,domains.list,domains.list,2026-10-01 07:02:26.628458+00:00,375bf4e180c30cf2c8103362
play.play.estream.xyz,AVAILABILITY,domains.list,domains.list,2026-10-01 07:02:26.971573+00:00,375bf4e180c30cf2c8103362
play.tercabilis.info,AVAILABILITY,domains.list,domains.list,2026-10-01 07:02:47.421145+00:00,375bf4e180c30cf2c8103362
play.video2.stream.vidzi.tv,AVAILABILITY,domains.list,domains.list,2026-10-01 07:02:47.560204+00:00,375bf4e180c30cf2c8103362
play.vidzi.tv,AVAILABILITY,domains.list,domains.list,2026-10-01 07:02:47.689823+00:00,375bf4e180c30cf2c8103362
pool.hws.ru,AVAILABILITY,domains.list,domains.list,2026-10-01 07:02:48.924303+00:00,375bf4e180c30cf2c8103362
premiumstats.xyz,AVAILABILITY,domains.list,domains.list,2026-10-01 07:02:49.366288+00:00,375bf4e180c30cf2c8103362
reauthenticator.com,AVAILABILITY,domains.list,domains.list,2026-10-01 07:02:50.602546+00:00,375bf4e180c30cf2c8103362
roastedvolt.net,AVAILABILITY,domains.list,domains.list,2026-10-01 07:02:50.829273+00:00,375bf4e180c30cf2c8103362
rock.reauthenticator.com,AVAILABILITY,domains.list,domains.list,2026-10-01 07:02:52.433484+00:00,375bf4e180c30cf2c8103362
rocks.io,AVAILABILITY,domains.list,domains.list,2026-10-01 07:02:53.785068+00:00,375bf4e180c30cf2c8103362
s01.hostcontent.live,AVAILABILITY,domains.list,domains.list,2026-10-01 07:03:13.990547+00:00,375bf4e180c30cf2c8103362
s03.hostcontent.live,AVAILABILITY,domains.list,domains.list,2026-10-01 07:03:34.425291+00:00,375bf4e180c30cf2c8103362
s04.hostcontent.live,AVAILABILITY,domains.list,domains.list,2026-10-01 07:03:34.752194+00:00,375bf4e180c30cf2c8103362
s05.hostcontent.live,AVAILABILITY,domains.list,domains.list,2026-10-01 07:03:54.907352+00:00,375bf4e180c30cf2c8103362
s07.hostcontent.live,AVAILABILITY,domains.list,domains.list,2026-10-01 07:03:55.221383+00:00,375bf4e180c30cf2c8103362
s100.hostcontent.live,AVAILABILITY,domains.list,domains.list,2026-10-01 07:04:15.380659+00:00,375bf4e180c30cf2c8103362
s11.hostcontent.live,AVAILABILITY,domains.list,domains.list,2026-10-01 07:04:35.534653+00:00,375bf4e180c30cf2c8103362
s12.hostcontent.live,AVAILABILITY,domains.list,domains.list,2026-10-01 07:04:55.680707+00:00,375bf4e180c30cf2c8103362
s13.hostcontent.live,AVAILABILITY,domains.list,domains.list,2026-10-01 07:05:15.875863+00:00,375bf4e180c30cf2c8103362
s3.pampopholf.com,AVAILABILITY,domains.list,domains.list,2026-10-01 07:05:16.218252+00:00,375bf4e180c30cf2c8103362
serie-vostfr.com,AVAILABILITY,domains.list,domains.list,2026-10-01 07:05:41.140622+00:00,375bf4e180c30cf2c8103362
serv1swork.com,AVAILABILITY,domains.list,domains.list,2026-10-01 07:05:42.361427+00:00,375bf4e180c30cf2c8103362
silimbompom.com,AVAILABILITY,domains.list,domains.list,2026-10-01 07:05:43.506862+00:00,375bf4e180c30cf2c8103362
site.flashx.cc,AVAILABILITY,domains.list,domains.list,2026-10-01 07:06:03.753194+00:00,375bf4e180c30cf2c8103362
srcip.com,AVAILABILITY,domains.list,domains.list,2026-10-01 07:06:04.423354+00:00,375bf4e180c30cf2c8103362
srcips.com,AVAILABILITY,domains.list,domains.list,2026-10-01 07:06:04.777524+00:00,375bf4e180c30cf2c8103362
statdynamic.com,AVAILABILITY,domains.list,domains.list,2026-10-01 07:06:05.453071+00:00,375bf4e180c30cf2c8103362
static.sparechange.io,AVAILABILITY,domains.list,domains.list,2026-10-01 07:06:25.881661+00:00,375bf4e180c30cf2c8103362
str1kee.com,AVAILABILITY,domains.list,domains.list,2026-10-01 07:06:27.136080+00:00,375bf4e180c30cf2c8103362
swiftmining.win,AVAILABILITY,domains.list,domains.list,2026-10-01 07:06:27.354838+00:00,375bf4e180c30cf2c8103362
sxcdn02.now.sh,AVAILABILITY,domains.list,domains.list,2026-10-01 07:06:28.160793+00:00,375bf4e180c30cf2c8103362
sxcdn1.herokuapp.com,AVAILABILITY,domains.list,domains.list,2026-10-01 07:06:28.340425+00:00,375bf4e180c30cf2c8103362
sxcdn4.now.sh,AVAILABILITY,domains.list,domains.list,2026-10-01 07:06:28.980086+00:00,375bf4e180c30cf2c8103362
sxcdn5.herokuapp.com,AVAILABILITY,domains.list,domains.list,2026-10-01 07:06:29.300150+00:00,375bf4e180c30cf2c8103362
sxcdn6.now.sh,AVAILABILITY,domains.list,domains.list,2026-10-01 07:06:29.932838+00:00,375bf4e180c30cf2c8103362
thewhizmarketing.com,AVAILABILITY,domains.list,domains.list,2026-10-01 07:06:30.854654+00:00,375bf4e180c30cf2c8103362
thewhizproducts.com,AVAILABILITY,domains.list,domains.list,2026-10-01 07:06:53.695252+00:00,375bf4e180c30cf2c8103362
thewise.com,AVAILABILITY,domains.list,domains.list,2026-10-01 07:07:14.792426+00:00,375bf4e180c30cf2c8103362
traffic.tc-clicks.com,AVAILABILITY,domains.list,domains.list,2026-10-01 07:07:15.598585+00:00,375bf4e180c30cf2c8103362
trustaproiam.de,AVAILABILITY,domains.list,domains.list,2026-10-01 07:07:16.342752+00:00,375bf4e180c30cf2c8103362
trusteverything.de,AVAILABILITY,domains.list,domains.list,2026-10-01 07:07:17.171833+00:00,375bf4e180c30cf2c8103362
tulip18.com,AVAILABILITY,domains.list,domains.list,2026-10-01 07:07:18.351548+00:00,375bf4e180c30cf2c8103362
video.streaming.estream.to,AVAILABILITY,domains.list,domains.list,2026-10-01 07:07:20.595715+00:00,375bf4e180c30cf2c8103362
vkcdnservice.com,AVAILABILITY,domains.list,domains.list,2026-10-01 07:07:21.469606+00:00,375bf4e180c30cf2c8103362
vuryua.ru,AVAILABILITY,domains.list,domains.list,2026-10-01 07:07:21.718703+00:00,375bf4e180c30cf2c8103362
webapi.salamantex.com,AVAILABILITY,domains.list,domains.list,2026-10-01 07:07:41.906776+00:00,375bf4e180c30cf2c8103362
webapi.staging.salamantex.com,AVAILABILITY,domains.list,domains.list,2026-10-01 07:08:02.204328+00:00,375bf4e180c30cf2c8103362
webassembly.stream,AVAILABILITY,domains.list,domains.list,2026-10-01 07:08:02.924449+00:00,375bf4e180c30cf2c8103362
webmine.cz,AVAILABILITY,domains.list,domains.list,2026-10-01 07:08:23.061148+00:00,375bf4e180c30cf2c8103362
webminepool.com,AVAILABILITY,domains.list,domains.list,2026-10-01 07:08:43.426018+00:00,375bf4e180c30cf2c8103362
webminerpool.com,AVAILABILITY,domains.list,domains.list,2026-10-01 07:09:03.633738+00:00,375bf4e180c30cf2c8103362
webmining.co,AVAILABILITY,domains.list,domains.list,2026-10-01 07:09:05.666210+00:00,375bf4e180c30cf2c8103362
webxmr.com,AVAILABILITY,domains.list,domains.list,2026-10-01 07:09:06.209423+00:00,375bf4e180c30cf2c8103362
wpcdn1.herokuapp.com,AVAILABILITY,domains.list,domains.list,2026-10-01 07:09:06.575087+00:00,375bf4e180c30cf2c8103362
wss.nablabee.com,AVAILABILITY,domains.list,domains.list,2026-10-01 07:09:06.900684+00:00,375bf4e180c30cf2c8103362
wtm.monitoringservice.co,AVAILABILITY,domains.list,domains.list,2026-10-01 07:09:08.291862+00:00,375bf4e180c30cf2c8103362
www.authedwebmine.cz,AVAILABILITY,domains.list,domains.list,2026-10-01 07:09:09.779044+00:00,375bf4e180c30cf2c8103362
www.besocial.online,AVAILABILITY,domains.list,domains.list,2026-10-01 07:09:11.660555+00:00,375bf4e180c30cf2c8103362
www.coinimp.com,AVAILABILITY,domains.list,domains.list,2026-10-01 07:09:13.072885+00:00,375bf4e180c30cf2c8103362
www.coinimp.net,AVAILABILITY,domains.list,domains.list,2026-10-01 07:09:14.309481+00:00,375bf4e180c30cf2c8103362
www.freecontent.date,AVAILABILITY,domains.list,domains.list,2026-10-01 07:09:15.668569+00:00,375bf4e180c30cf2c8103362
www.freecontent.stream,AVAILABILITY,domains.list,domains.list,2026-10-01 07:09:17.052382+00:00,375bf4e180c30cf2c8103362
www.hostingcloud.racing,AVAILABILITY,domains.list,domains.list,2026-10-01 07:09:17.743713+00:00,375bf4e180c30cf2c8103362
www.jqwww.download,AVAILABILITY,domains.list,domains.list,2026-10-01 07:09:32.881696+00:00,375bf4e180c30cf2c8103362
www.jscoinminer.com,AVAILABILITY,domains.list,domains.list,2026-10-01 07:09:36.202143+00:00,375bf4e180c30cf2c8103362
www.lightminer.co,AVAILABILITY,domains.list,domains.list,2026-10-01 07:09:37.161173+00:00,375bf4e180c30cf2c8103362
www.notmining.org,AVAILABILITY,domains.list,domains.list,2026-10-01 07:09:42.285152+00:00,375bf4e180c30cf2c8103362
www.sparechange.io,AVAILABILITY,domains.list,domains.list,2026-10-01 07:10:22.562466+00:00,375bf4e180c30cf2c8103362
www.webassembly.stream,AVAILABILITY,domains.list,domains.list,2026-10-01 07:10:23.876660+00:00,375bf4e180c30cf2c8103362
www.webmine.cz,AVAILABILITY,domains.list,domains.list,2026-10-01 07:11:05.551648+00:00,375bf4e180c30cf2c8103362
xmr.2miners.com,AVAILABILITY,domains.list,domains.list,2026-10-01 07:11:06.518727+00:00,375bf4e180c30cf2c8103362
sunnimiq.cf,AVAILABILITY,domains.list,domains.list,2026-10-01 07:11:07.880179+00:00,375bf4e180c30cf2c8103362
laserveradedomaina.com,AVAILABILITY,domains.list,domains.list,2026-10-01 07:11:08.056572+00:00,375bf4e180c30cf2c8103362
renhertfo.com,AVAILABILITY,domains.list,domains.list,2026-10-01 07:11:08.349922+00:00,375bf4e180c30cf2c8103362
minerad.com,AVAILABILITY,domains.list,domains.list,2026-10-01 07:11:08.590565+00:00,375bf4e180c30cf2c8103362
xmr.cool,AVAILABILITY,domains.list,domains.list,2026-10-01 07:11:10.686107+00:00,375bf4e180c30cf2c8103362
www.cloudflane.com,AVAILABILITY,domains.list,domains.list,2026-10-01 07:11:11.935194+00:00,375bf4e180c30cf2c8103362
wordc.ga,AVAILABILITY,domains.list,domains.list,2026-10-01 07:11:12.508448+00:00,375bf4e180c30cf2c8103362
de-mi-nis-ner.info,AVAILABILITY,domains.list,domains.list,2026-10-01 07:11:13.343322+00:00,375bf4e180c30cf2c8103362
nimwss-us-shark.lolopool.com,AVAILABILITY,domains.list,domains.list,2026-10-01 07:11:13.547082+00:00,375bf4e180c30cf2c8103362
stonecalcom.com,AVAILABILITY,domains.list,domains.list,2026-10-01 07:11:13.722520+00:00,375bf4e180c30cf2c8103362
iaheyftbsn.review,AVAILABILITY,domains.list,domains.list,2026-10-01 07:11:14.804333+00:00,375bf4e180c30cf2c8103362
jquerrycdn.download,AVAILABILITY,domains.list,domains.list,2026-10-01 07:11:15.825606+00:00,375bf4e180c30cf2c8103362
js.vidoza.net,AVAILABILITY,domains.list,domains.list,2026-10-01 07:11:16.077235+00:00,375bf4e180c30cf2c8103362
bmcm.ml,AVAILABILITY,domains.list,domains.list,2026-10-01 07:11:16.919031+00:00,375bf4e180c30cf2c8103362
gasolina.ml,AVAILABILITY,domains.list,domains.list,2026-10-01 07:11:17.703460+00:00,375bf4e180c30cf2c8103362
krb.devphp.org.ua,AVAILABILITY,domains.list,domains.list,2026-10-01 07:11:18.728291+00:00,375bf4e180c30cf2c8103362
seed.nimiq.by,AVAILABILITY,domains.list,domains.list,2026-10-01 07:11:19.322292+00:00,375bf4e180c30cf2c8103362
dronml.ml,AVAILABILITY,domains.list,domains.list,2026-10-01 07:11:20.373308+00:00,375bf4e180c30cf2c8103362
jurty.ml,AVAILABILITY,domains.list,domains.list,2026-10-01 07:11:21.078763+00:00,375bf4e180c30cf2c8103362
okeyletsgo.ml,AVAILABILITY,domains.list,domains.list,2026-10-01 07:11:21.847848+00:00,375bf4e180c30cf2c8103362
www.etzbnfuigipwvs.ru,AVAILABILITY,domains.list,domains.list,2026-10-01 07:11:22.744974+00:00,375bf4e180c30cf2c8103362
jshosting.faith,AVAILABILITY,domains.list,domains.list,2026-10-01 07:11:24.092702+00:00,375bf4e180c30cf2c8103362
jshosting.science,AVAILABILITY,domains.list,domains.list,2026-10-01 07:11:24.648189+00:00,375bf4e180c30cf2c8103362
kdmkauchahynhrs.ru,AVAILABILITY,domains.list,domains.list,2026-10-01 07:11:26.147615+00:00,375bf4e180c30cf2c8103362
load.jsecoin.com,AVAILABILITY,domains.list,domains.list,2026-10-01 07:11:26.427222+00:00,375bf4e180c30cf2c8103362
kippbeak.cf,AVAILABILITY,domains.list,domains.list,2026-10-01 07:11:27.493813+00:00,375bf4e180c30cf2c8103362
m.anyfiles.ovh,AVAILABILITY,domains.list,domains.list,2026-10-01 07:11:27.812397+00:00,375bf4e180c30cf2c8103362
mhiobjnirs.gq,AVAILABILITY,domains.list,domains.list,2026-10-01 07:11:30.975492+00:00,375bf4e180c30cf2c8103362
malictuiar.com,AVAILABILITY,domains.list,domains.list,2026-10-01 07:11:31.124441+00:00,375bf4e180c30cf2c8103362
mighbest.pw,AVAILABILITY,domains.list,domains.list,2026-10-01 07:11:31.546441+00:00,375bf4e180c30cf2c8103362
mighbest.host,AVAILABILITY,domains.list,domains.list,2026-10-01 07:11:31.853590+00:00,375bf4e180c30cf2c8103362
mighbest.site,AVAILABILITY,domains.list,domains.list,2026-10-01 07:11:32.222967+00:00,375bf4e180c30cf2c8103362
berserkpl.net.pl,AVAILABILITY,domains.list,domains.list,2026-10-01 07:11:33.119861+00:00,375bf4e180c30cf2c8103362
www.jqcdn.download,AVAILABILITY,domains.list,domains.list,2026-10-01 07:11:33.862322+00:00,375bf4e180c30cf2c8103362
fruitice.realnetwrk.com,AVAILABILITY,domains.list,domains.list,2026-10-01 07:11:34.123635+00:00,375bf4e180c30cf2c8103362
salamaleyum.com,AVAILABILITY,domains.list,domains.list,2026-10-01 07:11:34.355988+00:00,375bf4e180c30cf2c8103362
mlib.browsermine.com,AVAILABILITY,domains.list,domains.list,2026-10-01 07:11:34.594048+00:00,375bf4e180c30cf2c8103362
www.hostingcloud.review,AVAILABILITY,domains.list,domains.list,2026-10-01 07:11:35.121820+00:00,375bf4e180c30cf2c8103362
xy.nullrefexcep.com,AVAILABILITY,domains.list,domains.list,2026-10-01 07:11:35.596042+00:00,375bf4e180c30cf2c8103362
zminer.zaloapp.com,AVAILABILITY,domains.list,domains.list,2026-10-01 07:11:38.035279+00:00,375bf4e180c30cf2c8103362
miner.pr0gramm.com,AVAILABILITY,domains.list,domains.list,2026-10-01 07:11:38.373536+00:00,375bf4e180c30cf2c8103362
minercry.pt,AVAILABILITY,domains.list,domains.list,2026-10-01 07:11:43.778043+00:00,375bf4e180c30cf2c8103362
minr.browsermine.com,AVAILABILITY,domains.list,domains.list,2026-10-01 07:11:43.992036+00:00,375bf4e180c30cf2c8103362
moneone.ga,AVAILABILITY,domains.list,domains.list,2026-10-01 07:11:44.598889+00:00,375bf4e180c30cf2c8103362
mysite.irkdsu.ru,AVAILABILITY,domains.list,domains.list,2026-10-01 07:11:45.442434+00:00,375bf4e180c30cf2c8103362
najsiejfnc.win,AVAILABILITY,domains.list,domains.list,2026-10-01 07:11:45.844191+00:00,375bf4e180c30cf2c8103362
nimiqtest.ml,AVAILABILITY,domains.list,domains.list,2026-10-01 07:11:46.642563+00:00,375bf4e180c30cf2c8103362
mytestminer.xyz,AVAILABILITY,domains.list,domains.list,2026-10-01 07:11:47.083727+00:00,375bf4e180c30cf2c8103362
p1.interestingz.pw,AVAILABILITY,domains.list,domains.list,2026-10-01 07:11:47.240214+00:00,375bf4e180c30cf2c8103362
open-hive-server-1.pp.ua,AVAILABILITY,domains.list,domains.list,2026-10-01 07:11:48.716356+00:00,375bf4e180c30cf2c8103362
pasoherb.gq,AVAILABILITY,domains.list,domains.list,2026-10-01 07:11:51.095546+00:00,375bf4e180c30cf2c8103362
pdheuryopd.loan,AVAILABILITY,domains.list,domains.list,2026-10-01 07:11:52.249981+00:00,375bf4e180c30cf2c8103362
play.estream.nu,AVAILABILITY,domains.list,domains.list,2026-10-01 07:11:53.358789+00:00,375bf4e180c30cf2c8103362
play.malictuiar.com,AVAILABILITY,domains.list,domains.list,2026-10-01 07:11:53.653122+00:00,375bf4e180c30cf2c8103362
play.flowplayer.space,AVAILABILITY,domains.list,domains.list,2026-10-01 07:11:53.957416+00:00,375bf4e180c30cf2c8103362
play.play.estream.nu,AVAILABILITY,domains.list,domains.list,2026-10-01 07:11:54.481320+00:00,375bf4e180c30cf2c8103362
static.browsermine.com,AVAILABILITY,domains.list,domains.list,2026-10-01 07:11:54.683657+00:00,375bf4e180c30cf2c8103362
ws.browsermine.com,AVAILABILITY,domains.list,domains.list,2026-10-01 07:11:54.955828+00:00,375bf4e180c30cf2c8103362
play.s01.vidtodo.pro,AVAILABILITY,domains.list,domains.list,2026-10-01 07:11:55.189586+00:00,375bf4e180c30cf2c8103362
play.play.tainiesonline.stream,AVAILABILITY,domains.list,domains.list,2026-10-01 07:11:55.725387+00:00,375bf4e180c30cf2c8103362
play.tainiesonline.pw,AVAILABILITY,domains.list,domains.list,2026-10-01 07:11:55.868358+00:00,375bf4e180c30cf2c8103362
miner-deu-1.inf.nimiq.network,AVAILABILITY,domains.list,domains.list,2026-10-01 07:11:56.430930+00:00,375bf4e180c30cf2c8103362
miner-deu-2.inf.nimiq.network,AVAILABILITY,domains.list,domains.list,2026-10-01 07:11:56.950703+00:00,375bf4e180c30cf2c8103362
miner-deu-3.inf.nimiq.network,AVAILABILITY,domains.list,domains.list,2026-10-01 07:11:57.843763+00:00,375bf4e180c30cf2c8103362
miner-deu-4.inf.nimiq.network,AVAILABILITY,domains.list,domains.list,2026-10-01 07:11:58.022464+00:00,375bf4e180c30cf2c8103362
miner-deu-5.inf.nimiq.network,AVAILABILITY,domains.list,domains.list,2026-10-01 07:11:58.197539+00:00,375bf4e180c30cf2c8103362
miner-deu-6.inf.nimiq.network,AVAILABILITY,domains.list,domains.list,2026-10-01 07:11:58.493666+00:00,375bf4e180c30cf2c8103362
miner-deu-7.inf.nimiq.network,AVAILABILITY,domains.list,domains.list,2026-10-01 07:11:58.678208+00:00,375bf4e180c30cf2c8103362
miner-deu-8.inf.nimiq.network,AVAILABILITY,domains.list,domains.list,2026-10-01 07:11:59.254690+00:00,375bf4e180c30cf2c8103362
2giga.download,AVAILABILITY,domains.list,domains.list,2026-10-01 07:11:59.586434+00:00,375bf4e180c30cf2c8103362
adzjzewsma.cf,AVAILABILITY,domains.list,domains.list,2026-10-01 07:12:00.672727+00:00,375bf4e180c30cf2c8103362
flightsy.bid,AVAILABILITY,domains.list,domains.list,2026-10-01 07:12:02.019101+00:00,375bf4e180c30cf2c8103362
flophous.cf,AVAILABILITY,domains.list,domains.list,2026-10-01 07:12:03.183816+00:00,375bf4e180c30cf2c8103362
jurtym.cf,AVAILABILITY,domains.list,domains.list,2026-10-01 07:12:03.883623+00:00,375bf4e180c30cf2c8103362
play.power.tainiesonline.pw,AVAILABILITY,domains.list,domains.list,2026-10-01 07:12:04.137682+00:00,375bf4e180c30cf2c8103362
play.www.intellecthosting.net,AVAILABILITY,domains.list,domains.list,2026-10-01 07:12:04.372176+00:00,375bf4e180c30cf2c8103362
pool.etn.spacepools.org,AVAILABILITY,domains.list,domains.list,2026-10-01 07:12:05.021987+00:00,375bf4e180c30cf2c8103362
proxy-fra-1.inf.nimiq.network,AVAILABILITY,domains.list,domains.list,2026-10-01 07:12:05.371494+00:00,375bf4e180c30cf2c8103362
proxy-gbr-2.inf.nimiq.network,AVAILABILITY,domains.list,domains.list,2026-10-01 07:12:05.550953+00:00,375bf4e180c30cf2c8103362
proxy-fra-2.inf.nimiq.network,AVAILABILITY,domains.list,domains.list,2026-10-01 07:12:05.942950+00:00,375bf4e180c30cf2c8103362
s2.flowplayer.space,AVAILABILITY,domains.list,domains.list,2026-10-01 07:12:06.161173+00:00,375bf4e180c30cf2c8103362
s02.hostcontent.live,AVAILABILITY,domains.list,domains.list,2026-10-01 07:12:06.342476+00:00,375bf4e180c30cf2c8103362
s2.appelamule.com,AVAILABILITY,domains.list,domains.list,2026-10-01 07:12:06.623425+00:00,375bf4e180c30cf2c8103362
s2.myregeneaf.com,AVAILABILITY,domains.list,domains.list,2026-10-01 07:12:06.907893+00:00,375bf4e180c30cf2c8103362
s3.flowplayer.space,AVAILABILITY,domains.list,domains.list,2026-10-01 07:12:07.073248+00:00,375bf4e180c30cf2c8103362
s3.malictuiar.com,AVAILABILITY,domains.list,domains.list,2026-10-01 07:12:07.356542+00:00,375bf4e180c30cf2c8103362
s3.myregeneaf.com,AVAILABILITY,domains.list,domains.list,2026-10-01 07:12:07.647491+00:00,375bf4e180c30cf2c8103362
s06.hostcontent.live,AVAILABILITY,domains.list,domains.list,2026-10-01 07:12:07.993069+00:00,375bf4e180c30cf2c8103362
s08.hostcontent.live,AVAILABILITY,domains.list,domains.list,2026-10-01 07:12:08.347120+00:00,375bf4e180c30cf2c8103362
s09.hostcontent.live,AVAILABILITY,domains.list,domains.list,2026-10-01 07:12:08.531782+00:00,375bf4e180c30cf2c8103362
s10.hostcontent.live,AVAILABILITY,domains.list,domains.list,2026-10-01 07:12:08.682310+00:00,375bf4e180c30cf2c8103362
seed-fra-5.inf.nimiq.network,AVAILABILITY,domains.list,domains.list,2026-10-01 07:12:08.845584+00:00,375bf4e180c30cf2c8103362
seed-fra-2.inf.nimiq.network,AVAILABILITY,domains.list,domains.list,2026-10-01 07:12:09.005011+00:00,375bf4e180c30cf2c8103362
seed-fra-4.inf.nimiq.network,AVAILABILITY,domains.list,domains.list,2026-10-01 07:12:09.175573+00:00,375bf4e180c30cf2c8103362
seed-gbr-4.inf.nimiq.network,AVAILABILITY,domains.list,domains.list,2026-10-01 07:12:09.323393+00:00,375bf4e180c30cf2c8103362
www.freecontent.download,AVAILABILITY,domains.list,domains.list,2026-10-01 07:12:09.514386+00:00,375bf4e180c30cf2c8103362
seed-fra-6.inf.nimiq.network,AVAILABILITY,domains.list,domains.list,2026-10-01 07:12:09.691369+00:00,375bf4e180c30cf2c8103362
seed-gbr-3.inf.nimiq.network,AVAILABILITY,domains.list,domains.list,2026-10-01 07:12:09.840826+00:00,375bf4e180c30cf2c8103362
server.jsecoin.com,AVAILABILITY,domains.list,domains.list,2026-10-01 07:12:10.125737+00:00,375bf4e180c30cf2c8103362
sunnimiq1.cf,AVAILABILITY,domains.list,domains.list,2026-10-01 07:12:11.404740+00:00,375bf4e180c30cf2c8103362
skencituer.com,AVAILABILITY,domains.list,domains.list,2026-10-01 07:12:11.598325+00:00,375bf4e180c30cf2c8103362
smectapop12.pl,AVAILABILITY,domains.list,domains.list,2026-10-01 07:12:13.237633+00:00,375bf4e180c30cf2c8103362
sunnimiq2.cf,AVAILABILITY,domains.list,domains.list,2026-10-01 07:12:14.423582+00:00,375bf4e180c30cf2c8103362
api.inwemo.com,AVAILABILITY,domains.list,domains.list,2026-10-01 07:12:14.671291+00:00,375bf4e180c30cf2c8103362
tokyodrift.ga,AVAILABILITY,domains.list,domains.list,2026-10-01 07:12:15.291989+00:00,375bf4e180c30cf2c8103362
ugmfvqsu.ru,AVAILABILITY,domains.list,domains.list,2026-10-01 07:12:16.447147+00:00,375bf4e180c30cf2c8103362
us.cfcnet.top,AVAILABILITY,domains.list,domains.list,2026-10-01 07:12:16.661616+00:00,375bf4e180c30cf2c8103362
vip.cfcnet.top,AVAILABILITY,domains.list,domains.list,2026-10-01 07:12:16.881603+00:00,375bf4e180c30cf2c8103362
wasm24.ru,AVAILABILITY,domains.list,domains.list,2026-10-01 07:12:18.181870+00:00,375bf4e180c30cf2c8103362
wm.yololike.space,AVAILABILITY,domains.list,domains.list,2026-10-01 07:12:18.340763+00:00,375bf4e180c30cf2c8103362
wmtech.website,AVAILABILITY,domains.list,domains.list,2026-10-01 07:12:18.621393+00:00,375bf4e180c30cf2c8103362
worker.salon.com,AVAILABILITY,domains.list,domains.list,2026-10-01 07:12:18.974688+00:00,375bf4e180c30cf2c8103362
wsp.marketgid.com,AVAILABILITY,domains.list,domains.list,2026-10-01 07:12:19.353889+00:00,375bf4e180c30cf2c8103362
www.8jd2lfsq.me,AVAILABILITY,domains.list,domains.list,2026-10-01 07:12:19.610744+00:00,375bf4e180c30cf2c8103362
www.1q2w3.me,AVAILABILITY,domains.list,domains.list,2026-10-01 07:12:20.261808+00:00,375bf4e180c30cf2c8103362
www.adplusplus.fr,AVAILABILITY,domains.list,domains.list,2026-10-01 07:12:20.684561+00:00,375bf4e180c30cf2c8103362
www.2giga.download,AVAILABILITY,domains.list,domains.list,2026-10-01 07:12:20.879773+00:00,375bf4e180c30cf2c8103362
www.adzjzewsma.cf,AVAILABILITY,domains.list,domains.list,2026-10-01 07:12:22.265518+00:00,375bf4e180c30cf2c8103362
www.aeros03.tk,AVAILABILITY,domains.list,domains.list,2026-10-01 07:12:24.337217+00:00,375bf4e180c30cf2c8103362
www.aeros04.tk,AVAILABILITY,domains.list,domains.list,2026-10-01 07:12:26.682111+00:00,375bf4e180c30cf2c8103362
www.aeros05.tk,AVAILABILITY,domains.list,domains.list,2026-10-01 07:12:28.835472+00:00,375bf4e180c30cf2c8103362
www.aeros06.tk,AVAILABILITY,domains.list,domains.list,2026-10-01 07:12:30.995179+00:00,375bf4e180c30cf2c8103362
www.aeros07.tk,AVAILABILITY,domains.list,domains.list,2026-10-01 07:12:32.491251+00:00,375bf4e180c30cf2c8103362
www.aeros08.tk,AVAILABILITY,domains.list,domains.list,2026-10-01 07:12:34.785403+00:00,375bf4e180c30cf2c8103362
www.aeros09.tk,AVAILABILITY,domains.list,domains.list,2026-10-01 07:12:36.441377+00:00,375bf4e180c30cf2c8103362
www.aeros10.tk,AVAILABILITY,domains.list,domains.list,2026-10-01 07:12:38.583142+00:00,375bf4e180c30cf2c8103362
www.alflying.date,AVAILABILITY,domains.list,domains.list,2026-10-01 07:12:38.840943+00:00,375bf4e180c30cf2c8103362
www.alflying.bid,AVAILABILITY,domains.list,domains.list,2026-10-01 07:12:39.053187+00:00,375bf4e180c30cf2c8103362
www.anybest.host,AVAILABILITY,domains.list,domains.list,2026-10-01 07:12:39.214280+00:00,375bf4e180c30cf2c8103362
www.anybest.space,AVAILABILITY,domains.list,domains.list,2026-10-01 07:12:39.411831+00:00,375bf4e180c30cf2c8103362
www.bauersagtnein.myeffect.net,AVAILABILITY,domains.list,domains.list,2026-10-01 07:12:39.714731+00:00,375bf4e180c30cf2c8103362
www.aymcsx.ru,AVAILABILITY,domains.list,domains.list,2026-10-01 07:12:40.406622+00:00,375bf4e180c30cf2c8103362
www.baywttgdhe.download,AVAILABILITY,domains.list,domains.list,2026-10-01 07:12:40.667113+00:00,375bf4e180c30cf2c8103362
www.bjorksta.men,AVAILABILITY,domains.list,domains.list,2026-10-01 07:12:41.087970+00:00,375bf4e180c30cf2c8103362
www.berserkpl.net.pl,AVAILABILITY,domains.list,domains.list,2026-10-01 07:12:41.299436+00:00,375bf4e180c30cf2c8103362
www.blockchained.party,AVAILABILITY,domains.list,domains.list,2026-10-01 07:12:41.655337+00:00,375bf4e180c30cf2c8103362
www.bsyauqwerd.party,AVAILABILITY,domains.list,domains.list,2026-10-01 07:12:42.019625+00:00,375bf4e180c30cf2c8103362
www.bmst.pw,AVAILABILITY,domains.list,domains.list,2026-10-01 07:12:42.202237+00:00,375bf4e180c30cf2c8103362
www.butcalve.com,AVAILABILITY,domains.list,domains.list,2026-10-01 07:12:42.470092+00:00,375bf4e180c30cf2c8103362
www.ccvwtdtwyu.trade,AVAILABILITY,domains.list,domains.list,2026-10-01 07:12:43.132419+00:00,375bf4e180c30cf2c8103362
www.cdn-analytics.pl,AVAILABILITY,domains.list,domains.list,2026-10-01 07:12:43.988560+00:00,375bf4e180c30cf2c8103362
api.miner.beeppool.org,AVAILABILITY,domains.list,domains.list,2026-10-01 07:12:44.376572+00:00,375bf4e180c30cf2c8103362
ganymed.beeppool.org,AVAILABILITY,domains.list,domains.list,2026-10-01 07:12:45.198463+00:00,375bf4e180c30cf2c8103362
miner.beeppool.org,AVAILABILITY,domains.list,domains.list,2026-10-01 07:12:45.822874+00:00,375bf4e180c30cf2c8103362
sunnimiq5.cf,AVAILABILITY,domains.list,domains.list,2026-10-01 07:12:46.894454+00:00,375bf4e180c30cf2c8103362
play.on.animeteatr.ru,AVAILABILITY,domains.list,domains.list,2026-10-01 07:12:47.818139+00:00,375bf4e180c30cf2c8103362
sunnimiq6.cf,AVAILABILITY,domains.list,domains.list,2026-10-01 07:12:49.094609+00:00,375bf4e180c30cf2c8103362
aeros01.tk,AVAILABILITY,domains.list,domains.list,2026-10-01 07:12:55.563430+00:00,375bf4e180c30cf2c8103362
