idna_subject,checker_type,destination,tested_at
swiftmining.win,AVAILABILITY,domains.list,2026-10-02 06:09:43.538762+00:00
aeros02.tk,AVAILABILITY,domains.list,2026-10-03 05:50:05.043814+00:00
sunnimiq.cf,AVAILABILITY,domains.list,2026-10-03 05:50:06.800910+00:00
laserveradedomaina.com,AVAILABILITY,domains.list,2026-10-03 05:50:07.017951+00:00
renhertfo.com,AVAILABILITY,domains.list,2026-10-03 05:50:07.302945+00:00
minerad.com,AVAILABILITY,domains.list,2026-10-03 05:50:07.532639+00:00
xmr.cool,AVAILABILITY,domains.list,2026-10-03 05:50:09.442316+00:00
www.cloudflane.com,AVAILABILITY,domains.list,2026-10-03 05:50:10.178195+00:00
wordc.ga,AVAILABILITY,domains.list,2026-10-03 05:50:10.948173+00:00
de-mi-nis-ner.info,AVAILABILITY,domains.list,2026-10-03 05:50:12.136534+00:00
nimwss-us-shark.lolopool.com,AVAILABILITY,domains.list,2026-10-03 05:50:12.384947+00:00
stonecalcom.com,AVAILABILITY,domains.list,2026-10-03 05:50:12.660841+00:00
iaheyftbsn.review,AVAILABILITY,domains.list,2026-10-03 05:50:13.516816+00:00
jquerrycdn.download,AVAILABILITY,domains.list,2026-10-03 05:50:14.221317+00:00
js.vidoza.net,AVAILABILITY,domains.list,2026-10-03 05:50:14.507249+00:00
bmcm.ml,AVAILABILITY,domains.list,2026-10-03 05:50:16.178802+00:00
gasolina.ml,AVAILABILITY,domains.list,2026-10-03 05:50:17.359460+00:00
krb.devphp.org.ua,AVAILABILITY,domains.list,2026-10-03 05:50:18.404726+00:00
seed.nimiq.by,AVAILABILITY,domains.list,2026-10-03 05:50:19.394990+00:00
dronml.ml,AVAILABILITY,domains.list,2026-10-03 05:50:20.310845+00:00
jurty.ml,AVAILABILITY,domains.list,2026-10-03 05:50:20.970476+00:00
okeyletsgo.ml,AVAILABILITY,domains.list,2026-10-03 05:50:21.903499+00:00
www.etzbnfuigipwvs.ru,AVAILABILITY,domains.list,2026-10-03 05:50:22.783490+00:00
jshosting.faith,AVAILABILITY,domains.list,2026-10-03 05:50:23.555533+00:00
jshosting.science,AVAILABILITY,domains.list,2026-10-03 05:50:23.845125+00:00
kdmkauchahynhrs.ru,AVAILABILITY,domains.list,2026-10-03 05:50:25.209371+00:00
load.jsecoin.com,AVAILABILITY,domains.list,2026-10-03 05:50:25.473189+00:00
kippbeak.cf,AVAILABILITY,domains.list,2026-10-03 05:50:27.717143+00:00
m.anyfiles.ovh,AVAILABILITY,domains.list,2026-10-03 05:50:27.991291+00:00
mhiobjnirs.gq,AVAILABILITY,domains.list,2026-10-03 05:50:31.672572+00:00
malictuiar.com,AVAILABILITY,domains.list,2026-10-03 05:50:31.947132+00:00
mighbest.pw,AVAILABILITY,domains.list,2026-10-03 05:50:32.441895+00:00
mighbest.host,AVAILABILITY,domains.list,2026-10-03 05:50:32.784334+00:00
mighbest.site,AVAILABILITY,domains.list,2026-10-03 05:50:33.148001+00:00
berserkpl.net.pl,AVAILABILITY,domains.list,2026-10-03 05:50:34.456711+00:00
www.jqcdn.download,AVAILABILITY,domains.list,2026-10-03 05:50:35.005952+00:00
fruitice.realnetwrk.com,AVAILABILITY,domains.list,2026-10-03 05:50:35.263198+00:00
salamaleyum.com,AVAILABILITY,domains.list,2026-10-03 05:50:35.560688+00:00
mlib.browsermine.com,AVAILABILITY,domains.list,2026-10-03 05:50:35.804239+00:00
www.hostingcloud.review,AVAILABILITY,domains.list,2026-10-03 05:50:36.234154+00:00
xy.nullrefexcep.com,AVAILABILITY,domains.list,2026-10-03 05:50:36.509371+00:00
zminer.zaloapp.com,AVAILABILITY,domains.list,2026-10-03 05:50:38.514014+00:00
miner.pr0gramm.com,AVAILABILITY,domains.list,2026-10-03 05:50:38.758174+00:00
minercry.pt,AVAILABILITY,domains.list,2026-10-03 05:50:44.093271+00:00
minr.browsermine.com,AVAILABILITY,domains.list,2026-10-03 05:50:44.394112+00:00
moneone.ga,AVAILABILITY,domains.list,2026-10-03 05:50:44.961416+00:00
mysite.irkdsu.ru,AVAILABILITY,domains.list,2026-10-03 05:50:45.977153+00:00
najsiejfnc.win,AVAILABILITY,domains.list,2026-10-03 05:50:46.362156+00:00
nimiqtest.ml,AVAILABILITY,domains.list,2026-10-03 05:50:47.028516+00:00
mytestminer.xyz,AVAILABILITY,domains.list,2026-10-03 05:50:47.616990+00:00
p1.interestingz.pw,AVAILABILITY,domains.list,2026-10-03 05:50:47.825196+00:00
open-hive-server-1.pp.ua,AVAILABILITY,domains.list,2026-10-03 05:50:49.504832+00:00
pasoherb.gq,AVAILABILITY,domains.list,2026-10-03 05:50:52.385507+00:00
pdheuryopd.loan,AVAILABILITY,domains.list,2026-10-03 05:50:52.684927+00:00
play.estream.nu,AVAILABILITY,domains.list,2026-10-03 05:50:53.437330+00:00
play.malictuiar.com,AVAILABILITY,domains.list,2026-10-03 05:50:53.648698+00:00
play.flowplayer.space,AVAILABILITY,domains.list,2026-10-03 05:50:53.846184+00:00
play.play.estream.nu,AVAILABILITY,domains.list,2026-10-03 05:50:54.490762+00:00
static.browsermine.com,AVAILABILITY,domains.list,2026-10-03 05:50:54.703020+00:00
ws.browsermine.com,AVAILABILITY,domains.list,2026-10-03 05:50:54.932826+00:00
play.s01.vidtodo.pro,AVAILABILITY,domains.list,2026-10-03 05:50:55.127890+00:00
play.play.tainiesonline.stream,AVAILABILITY,domains.list,2026-10-03 05:50:55.539003+00:00
play.tainiesonline.pw,AVAILABILITY,domains.list,2026-10-03 05:50:55.784468+00:00
miner-deu-1.inf.nimiq.network,AVAILABILITY,domains.list,2026-10-03 05:50:56.378344+00:00
miner-deu-2.inf.nimiq.network,AVAILABILITY,domains.list,2026-10-03 05:50:56.789219+00:00
miner-deu-3.inf.nimiq.network,AVAILABILITY,domains.list,2026-10-03 05:50:57.040755+00:00
miner-deu-4.inf.nimiq.network,AVAILABILITY,domains.list,2026-10-03 05:50:57.309555+00:00
miner-deu-5.inf.nimiq.network,AVAILABILITY,domains.list,2026-10-03 05:50:57.520216+00:00
miner-deu-6.inf.nimiq.network,AVAILABILITY,domains.list,2026-10-03 05:50:57.727248+00:00
miner-deu-7.inf.nimiq.network,AVAILABILITY,domains.list,2026-10-03 05:50:58.174990+00:00
miner-deu-8.inf.nimiq.network,AVAILABILITY,domains.list,2026-10-03 05:50:58.380785+00:00
2giga.download,AVAILABILITY,domains.list,2026-10-03 05:50:59.114024+00:00
adzjzewsma.cf,AVAILABILITY,domains.list,2026-10-03 05:51:00.771693+00:00
flightsy.bid,AVAILABILITY,domains.list,2026-10-03 05:51:01.284365+00:00
flophous.cf,AVAILABILITY,domains.list,2026-10-03 05:51:02.868832+00:00
jurtym.cf,AVAILABILITY,domains.list,2026-10-03 05:51:04.056066+00:00
play.power.tainiesonline.pw,AVAILABILITY,domains.list,2026-10-03 05:51:04.313426+00:00
play.www.intellecthosting.net,AVAILABILITY,domains.list,2026-10-03 05:51:04.597903+00:00
pool.etn.spacepools.org,AVAILABILITY,domains.list,2026-10-03 05:51:06.692410+00:00
proxy-fra-1.inf.nimiq.network,AVAILABILITY,domains.list,2026-10-03 05:51:06.916334+00:00
proxy-gbr-2.inf.nimiq.network,AVAILABILITY,domains.list,2026-10-03 05:51:07.275024+00:00
proxy-fra-2.inf.nimiq.network,AVAILABILITY,domains.list,2026-10-03 05:51:07.586705+00:00
s2.flowplayer.space,AVAILABILITY,domains.list,2026-10-03 05:51:07.827521+00:00
s02.hostcontent.live,AVAILABILITY,domains.list,2026-10-03 05:51:08.137512+00:00
s2.appelamule.com,AVAILABILITY,domains.list,2026-10-03 05:51:08.380536+00:00
s2.myregeneaf.com,AVAILABILITY,domains.list,2026-10-03 05:51:08.604833+00:00
s3.flowplayer.space,AVAILABILITY,domains.list,2026-10-03 05:51:08.917042+00:00
s3.malictuiar.com,AVAILABILITY,domains.list,2026-10-03 05:51:09.148868+00:00
s3.myregeneaf.com,AVAILABILITY,domains.list,2026-10-03 05:51:09.378480+00:00
s06.hostcontent.live,AVAILABILITY,domains.list,2026-10-03 05:51:09.581469+00:00
s08.hostcontent.live,AVAILABILITY,domains.list,2026-10-03 05:51:09.881054+00:00
s09.hostcontent.live,AVAILABILITY,domains.list,2026-10-03 05:51:10.171754+00:00
s10.hostcontent.live,AVAILABILITY,domains.list,2026-10-03 05:51:10.466958+00:00
seed-fra-5.inf.nimiq.network,AVAILABILITY,domains.list,2026-10-03 05:51:10.682502+00:00
seed-fra-2.inf.nimiq.network,AVAILABILITY,domains.list,2026-10-03 05:51:11.054394+00:00
seed-fra-4.inf.nimiq.network,AVAILABILITY,domains.list,2026-10-03 05:51:11.383815+00:00
seed-gbr-4.inf.nimiq.network,AVAILABILITY,domains.list,2026-10-03 05:51:11.639682+00:00
www.freecontent.download,AVAILABILITY,domains.list,2026-10-03 05:51:11.860106+00:00
seed-fra-6.inf.nimiq.network,AVAILABILITY,domains.list,2026-10-03 05:51:12.069884+00:00
seed-gbr-3.inf.nimiq.network,AVAILABILITY,domains.list,2026-10-03 05:51:12.283159+00:00
server.jsecoin.com,AVAILABILITY,domains.list,2026-10-03 05:51:12.582385+00:00
sunnimiq1.cf,AVAILABILITY,domains.list,2026-10-03 05:51:14.103772+00:00
skencituer.com,AVAILABILITY,domains.list,2026-10-03 05:51:14.371076+00:00
smectapop12.pl,AVAILABILITY,domains.list,2026-10-03 05:51:15.161045+00:00
sunnimiq2.cf,AVAILABILITY,domains.list,2026-10-03 05:51:16.580798+00:00
api.inwemo.com,AVAILABILITY,domains.list,2026-10-03 05:51:16.812937+00:00
tokyodrift.ga,AVAILABILITY,domains.list,2026-10-03 05:51:17.569023+00:00
ugmfvqsu.ru,AVAILABILITY,domains.list,2026-10-03 05:51:19.266952+00:00
us.cfcnet.top,AVAILABILITY,domains.list,2026-10-03 05:51:19.965649+00:00
vip.cfcnet.top,AVAILABILITY,domains.list,2026-10-03 05:51:20.369924+00:00
wasm24.ru,AVAILABILITY,domains.list,2026-10-03 05:51:21.413149+00:00
wm.yololike.space,AVAILABILITY,domains.list,2026-10-03 05:51:21.625324+00:00
wmtech.website,AVAILABILITY,domains.list,2026-10-03 05:51:22.026533+00:00
worker.salon.com,AVAILABILITY,domains.list,2026-10-03 05:51:22.493585+00:00
wsp.marketgid.com,AVAILABILITY,domains.list,2026-10-03 05:51:22.722981+00:00
www.8jd2lfsq.me,AVAILABILITY,domains.list,2026-10-03 05:51:23.300696+00:00
www.1q2w3.me,AVAILABILITY,domains.list,2026-10-03 05:51:23.519021+00:00
www.adplusplus.fr,AVAILABILITY,domains.list,2026-10-03 05:51:23.895305+00:00
www.2giga.download,AVAILABILITY,domains.list,2026-10-03 05:51:24.120926+00:00
www.adzjzewsma.cf,AVAILABILITY,domains.list,2026-10-03 05:51:25.915095+00:00
www.aeros03.tk,AVAILABILITY,domains.list,2026-10-03 05:51:27.391384+00:00
www.aeros04.tk,AVAILABILITY,domains.list,2026-10-03 05:51:29.665868+00:00
www.aeros05.tk,AVAILABILITY,domains.list,2026-10-03 05:51:31.784038+00:00
www.aeros06.tk,AVAILABILITY,domains.list,2026-10-03 05:51:33.467842+00:00
www.aeros07.tk,AVAILABILITY,domains.list,2026-10-03 05:51:34.854642+00:00
www.aeros08.tk,AVAILABILITY,domains.list,2026-10-03 05:51:36.763044+00:00
www.aeros09.tk,AVAILABILITY,domains.list,2026-10-03 05:51:37.783307+00:00
www.aeros10.tk,AVAILABILITY,domains.list,2026-10-03 05:51:40.080639+00:00
www.alflying.date,AVAILABILITY,domains.list,2026-10-03 05:51:40.295054+00:00
www.alflying.bid,AVAILABILITY,domains.list,2026-10-03 05:51:40.611084+00:00
www.anybest.host,AVAILABILITY,domains.list,2026-10-03 05:51:40.834362+00:00
www.anybest.space,AVAILABILITY,domains.list,2026-10-03 05:51:41.062579+00:00
www.bauersagtnein.myeffect.net,AVAILABILITY,domains.list,2026-10-03 05:51:41.332551+00:00
www.aymcsx.ru,AVAILABILITY,domains.list,2026-10-03 05:51:42.615516+00:00
www.baywttgdhe.download,AVAILABILITY,domains.list,2026-10-03 05:51:42.877894+00:00
www.bjorksta.men,AVAILABILITY,domains.list,2026-10-03 05:51:43.107583+00:00
www.berserkpl.net.pl,AVAILABILITY,domains.list,2026-10-03 05:51:43.354332+00:00
www.blockchained.party,AVAILABILITY,domains.list,2026-10-03 05:51:43.761115+00:00
www.bsyauqwerd.party,AVAILABILITY,domains.list,2026-10-03 05:51:44.480716+00:00
www.bmst.pw,AVAILABILITY,domains.list,2026-10-03 05:51:44.708835+00:00
www.butcalve.com,AVAILABILITY,domains.list,2026-10-03 05:51:44.989226+00:00
www.ccvwtdtwyu.trade,AVAILABILITY,domains.list,2026-10-03 05:51:45.544975+00:00
www.cdn-analytics.pl,AVAILABILITY,domains.list,2026-10-03 05:51:46.294571+00:00
api.miner.beeppool.org,AVAILABILITY,domains.list,2026-10-03 05:51:46.670455+00:00
ganymed.beeppool.org,AVAILABILITY,domains.list,2026-10-03 05:51:47.031289+00:00
miner.beeppool.org,AVAILABILITY,domains.list,2026-10-03 05:52:40.306507+00:00
sunnimiq5.cf,AVAILABILITY,domains.list,2026-10-03 05:52:41.511661+00:00
play.on.animeteatr.ru,AVAILABILITY,domains.list,2026-10-03 05:52:42.094990+00:00
sunnimiq6.cf,AVAILABILITY,domains.list,2026-10-03 05:52:43.244528+00:00
aeros01.tk,AVAILABILITY,domains.list,2026-10-03 05:52:49.727792+00:00
axoncoho.tk,AVAILABILITY,domains.list,2026-10-03 05:52:55.529982+00:00
www.monero-miner.com,AVAILABILITY,domains.list,2026-10-03 05:52:55.835749+00:00
ocean2.authcaptcha.com,AVAILABILITY,domains.list,2026-10-03 05:52:56.279038+00:00
play.nexioniect.com,AVAILABILITY,domains.list,2026-10-03 05:52:56.555203+00:00
proxy-gbr-1.inf.nimiq.network,AVAILABILITY,domains.list,2026-10-03 05:52:57.307760+00:00
seed-1.nimiq-network.com,AVAILABILITY,domains.list,2026-10-03 05:52:57.707398+00:00
seed-1.nimiq.network,AVAILABILITY,domains.list,2026-10-03 05:52:58.600845+00:00
seed-10.nimiq-network.com,AVAILABILITY,domains.list,2026-10-03 05:52:58.990665+00:00
gxbrowser.net,AVAILABILITY,domains.list,2026-10-03 05:52:59.229194+00:00
biberukalap.com,AVAILABILITY,domains.list,2026-10-03 05:52:59.516667+00:00
cloudcdn.gdn,AVAILABILITY,domains.list,2026-10-03 05:53:00.701465+00:00
intelserviceupdate.com,AVAILABILITY,domains.list,2026-10-03 05:53:00.952953+00:00
formulawire.com,AVAILABILITY,domains.list,2026-10-03 05:53:01.234054+00:00
baiduccdn1.com,AVAILABILITY,domains.list,2026-10-03 05:53:01.462239+00:00
bewaslac.com,AVAILABILITY,domains.list,2026-10-03 05:53:01.639689+00:00
seed-10.nimiq.com,AVAILABILITY,domains.list,2026-10-03 05:53:02.007868+00:00
seed-11.nimiq-network.com,AVAILABILITY,domains.list,2026-10-03 05:53:02.574465+00:00
seed-11.nimiq.com,AVAILABILITY,domains.list,2026-10-03 05:53:02.857683+00:00
seed-12.nimiq-network.com,AVAILABILITY,domains.list,2026-10-03 05:53:03.230830+00:00
seed-12.nimiq.com,AVAILABILITY,domains.list,2026-10-03 05:53:03.514586+00:00
seed-13.nimiq.com,AVAILABILITY,domains.list,2026-10-03 05:53:03.796514+00:00
seed-13.nimiq.network,AVAILABILITY,domains.list,2026-10-03 05:53:04.061712+00:00
seed-14.nimiq.com,AVAILABILITY,domains.list,2026-10-03 05:53:04.316641+00:00
seed-14.nimiq.network,AVAILABILITY,domains.list,2026-10-03 05:53:04.821538+00:00
seed-15.nimiq.com,AVAILABILITY,domains.list,2026-10-03 05:53:05.023648+00:00
seed-15.nimiq.network,AVAILABILITY,domains.list,2026-10-03 05:53:05.236532+00:00
seed-16.nimiq-network.com,AVAILABILITY,domains.list,2026-10-03 05:53:05.605632+00:00
seed-16.nimiq.network,AVAILABILITY,domains.list,2026-10-03 05:53:05.948500+00:00
seed-17.nimiq-network.com,AVAILABILITY,domains.list,2026-10-03 05:53:06.375898+00:00
seed-17.nimiq.network,AVAILABILITY,domains.list,2026-10-03 05:53:06.685077+00:00
seed-18.nimiq-network.com,AVAILABILITY,domains.list,2026-10-03 05:53:06.864551+00:00
seed-18.nimiq.network,AVAILABILITY,domains.list,2026-10-03 05:53:07.062710+00:00
seed-19.nimiq-network.com,AVAILABILITY,domains.list,2026-10-03 05:53:07.530299+00:00
seed-19.nimiq.network,AVAILABILITY,domains.list,2026-10-03 05:53:07.733253+00:00
seed-2.nimiq-network.com,AVAILABILITY,domains.list,2026-10-03 05:53:08.011330+00:00
seed-2.nimiq.network,AVAILABILITY,domains.list,2026-10-03 05:53:08.199003+00:00
seed-20.nimiq-network.com,AVAILABILITY,domains.list,2026-10-03 05:53:08.484283+00:00
seed-20.nimiq.network,AVAILABILITY,domains.list,2026-10-03 05:53:08.890052+00:00
seed-3.nimiq-network.com,AVAILABILITY,domains.list,2026-10-03 05:53:09.168949+00:00
seed-3.nimiq.network,AVAILABILITY,domains.list,2026-10-03 05:53:09.729119+00:00
seed-4.nimiq.com,AVAILABILITY,domains.list,2026-10-03 05:53:09.976630+00:00
seed-4.nimiq.network,AVAILABILITY,domains.list,2026-10-03 05:53:10.393882+00:00
seed-5.nimiq.com,AVAILABILITY,domains.list,2026-10-03 05:53:10.629382+00:00
seed-5.nimiq.network,AVAILABILITY,domains.list,2026-10-03 05:53:10.841591+00:00
seed-6.nimiq.com,AVAILABILITY,domains.list,2026-10-03 05:53:11.080176+00:00
seed-6.nimiq.network,AVAILABILITY,domains.list,2026-10-03 05:53:11.293396+00:00
seed-7.nimiq-network.com,AVAILABILITY,domains.list,2026-10-03 05:53:11.484161+00:00
seed-7.nimiq.com,AVAILABILITY,domains.list,2026-10-03 05:53:11.674686+00:00
seed-8.nimiq-network.com,AVAILABILITY,domains.list,2026-10-03 05:53:11.979061+00:00
seed-8.nimiq.com,AVAILABILITY,domains.list,2026-10-03 05:53:12.185741+00:00
seed-9.nimiq-network.com,AVAILABILITY,domains.list,2026-10-03 05:53:12.659935+00:00
seed-9.nimiq.com,AVAILABILITY,domains.list,2026-10-03 05:53:12.885046+00:00
seed-gbr-1.inf.nimiq.network,AVAILABILITY,domains.list,2026-10-03 05:53:13.123505+00:00
seed-gbr-2.inf.nimiq.network,AVAILABILITY,domains.list,2026-10-03 05:53:13.336369+00:00
wss.rand.com.ru,AVAILABILITY,domains.list,2026-10-03 05:53:15.518575+00:00
contribute.to-support.me,AVAILABILITY,domains.list,2026-10-03 05:53:16.403722+00:00
www.jquery-cdn.download,AVAILABILITY,domains.list,2026-10-03 05:53:16.941244+00:00
play.mine.gay-hotvideo.net,AVAILABILITY,domains.list,2026-10-03 05:53:17.337509+00:00
hhb123.tk,AVAILABILITY,domains.list,2026-10-03 05:53:23.335554+00:00
rock2.authcaptcha.com,AVAILABILITY,domains.list,2026-10-03 05:53:23.887583+00:00
sass2.authcaptcha.com,AVAILABILITY,domains.list,2026-10-03 05:53:24.283095+00:00
sea2.authcaptcha.com,AVAILABILITY,domains.list,2026-10-03 05:53:24.761796+00:00
stone2.authcaptcha.com,AVAILABILITY,domains.list,2026-10-03 05:53:25.116512+00:00
www.hostingcloud.trade,AVAILABILITY,domains.list,2026-10-03 05:53:25.697801+00:00
www.jshosting.party,AVAILABILITY,domains.list,2026-10-03 05:53:26.251202+00:00
www.jshosting.win,AVAILABILITY,domains.list,2026-10-03 05:53:26.567965+00:00
www.freecontent.science,AVAILABILITY,domains.list,2026-10-03 05:53:27.095501+00:00
www.freecontent.win,AVAILABILITY,domains.list,2026-10-03 05:53:27.467154+00:00
abc.pema.cl,AVAILABILITY,domains.list,2026-10-03 05:53:27.662299+00:00
niematego.tk,AVAILABILITY,domains.list,2026-10-03 05:53:33.764550+00:00
wp-monero-miner.de,AVAILABILITY,domains.list,2026-10-03 05:53:34.610731+00:00
aeros11.tk,AVAILABILITY,domains.list,2026-10-03 05:53:40.491606+00:00
bitcoin-pay.eu,AVAILABILITY,domains.list,2026-10-03 05:53:41.096116+00:00
eth-pocket.eu,AVAILABILITY,domains.list,2026-10-03 05:53:41.565004+00:00
ethereum-pocket.de,AVAILABILITY,domains.list,2026-10-03 05:53:42.212081+00:00
ethereum-pocket.eu,AVAILABILITY,domains.list,2026-10-03 05:53:43.143792+00:00
bitcoin-cashcard.de,AVAILABILITY,domains.list,2026-10-03 05:53:43.945448+00:00
bitcoin-cashcard.eu,AVAILABILITY,domains.list,2026-10-03 05:53:44.767113+00:00
bitcoin-pocket.de,AVAILABILITY,domains.list,2026-10-03 05:53:45.549261+00:00
bitcoin-pocket.eu,AVAILABILITY,domains.list,2026-10-03 05:53:46.412549+00:00
ethereum-cashcard.de,AVAILABILITY,domains.list,2026-10-03 05:53:47.146328+00:00
ethereum-cashcard.eu,AVAILABILITY,domains.list,2026-10-03 05:53:48.524544+00:00
www.clickwith.bid,AVAILABILITY,domains.list,2026-10-03 05:53:48.782972+00:00
www.ctlrnwbv.ru,AVAILABILITY,domains.list,2026-10-03 05:53:49.828702+00:00
www.d8acddffe978b5dfcae6.date,AVAILABILITY,domains.list,2026-10-03 05:53:50.333645+00:00
www.didnkinrab.com,AVAILABILITY,domains.list,2026-10-03 05:53:50.616332+00:00
www.djfhwosjck.bid,AVAILABILITY,domains.list,2026-10-03 05:53:50.929125+00:00
www.dexim.space,AVAILABILITY,domains.list,2026-10-03 05:53:51.177800+00:00
www.dubester.pw,AVAILABILITY,domains.list,2026-10-03 05:53:51.370023+00:00
www.dubester.space,AVAILABILITY,domains.list,2026-10-03 05:53:51.575996+00:00
www.dubester.site,AVAILABILITY,domains.list,2026-10-03 05:53:51.821458+00:00
www.ermaseuc.ru,AVAILABILITY,domains.list,2026-10-03 05:53:52.482097+00:00
www.evengparme.com,AVAILABILITY,domains.list,2026-10-03 05:53:52.843364+00:00
www.exdynsrv.com,AVAILABILITY,domains.list,2026-10-03 05:53:53.091607+00:00
www.flightsy.date,AVAILABILITY,domains.list,2026-10-03 05:53:53.412204+00:00
www.ffinwwfpqi.gq,AVAILABILITY,domains.list,2026-10-03 05:53:55.119785+00:00
www.flightsy.bid,AVAILABILITY,domains.list,2026-10-03 05:53:55.453768+00:00
www.jqassets.download,AVAILABILITY,domains.list,2026-10-03 05:53:55.996684+00:00
go2.mercy.ga,AVAILABILITY,domains.list,2026-10-03 05:53:56.376137+00:00
www.terethat.ru,AVAILABILITY,domains.list,2026-10-03 05:53:57.020539+00:00
www.flophous.cf,AVAILABILITY,domains.list,2026-10-03 05:53:59.112688+00:00
www.flowplayer.space,AVAILABILITY,domains.list,2026-10-03 05:53:59.301921+00:00
www.gettate.faith,AVAILABILITY,domains.list,2026-10-03 05:53:59.887592+00:00
www.gettate.racing,AVAILABILITY,domains.list,2026-10-03 05:54:00.361665+00:00
www.gettate.date,AVAILABILITY,domains.list,2026-10-03 05:54:01.016646+00:00
www.gitgrub.pro,AVAILABILITY,domains.list,2026-10-03 05:54:01.531529+00:00
www.gobba.myeffect.net,AVAILABILITY,domains.list,2026-10-03 05:54:01.916374+00:00
as.cfcdist.loan,AVAILABILITY,domains.list,2026-10-03 05:54:02.208419+00:00
eu.cfcdist.loan,AVAILABILITY,domains.list,2026-10-03 05:54:04.301722+00:00
nimiq.icemining.ca,AVAILABILITY,domains.list,2026-10-03 05:54:04.648252+00:00
play.istlandoll.com,AVAILABILITY,domains.list,2026-10-03 05:54:04.913155+00:00
us.cfcdist.loan,AVAILABILITY,domains.list,2026-10-03 05:54:05.196240+00:00
vmi503011.contaboserver.net,AVAILABILITY,domains.list,2026-10-03 05:54:05.629131+00:00
www.hostingcloud.win,AVAILABILITY,domains.list,2026-10-03 05:54:06.050971+00:00
autologica.ga,AVAILABILITY,domains.list,2026-10-03 05:54:06.720754+00:00
depttake.ga,AVAILABILITY,domains.list,2026-10-03 05:54:07.176202+00:00
www.gustaver.ddns.net,AVAILABILITY,domains.list,2026-10-03 05:54:07.403758+00:00
www.hatcalter.com,AVAILABILITY,domains.list,2026-10-03 05:54:07.714552+00:00
www.hallaert.online,AVAILABILITY,domains.list,2026-10-03 05:54:07.979219+00:00
www.hodlers.party,AVAILABILITY,domains.list,2026-10-03 05:54:08.546642+00:00
www.hegrinhar.com,AVAILABILITY,domains.list,2026-10-03 05:54:08.912945+00:00
www.hodling.faith,AVAILABILITY,domains.list,2026-10-03 05:54:09.412642+00:00
www.hostingcloud.live,AVAILABILITY,domains.list,2026-10-03 05:54:09.682213+00:00
www.iaheyftbsn.review,AVAILABILITY,domains.list,2026-10-03 05:54:10.264002+00:00
www.jqrcdn.download,AVAILABILITY,domains.list,2026-10-03 05:54:10.576767+00:00
www.jquerrycdn.download,AVAILABILITY,domains.list,2026-10-03 05:54:11.025641+00:00
www.jshosting.faith,AVAILABILITY,domains.list,2026-10-03 05:54:11.429189+00:00
www.jshosting.science,AVAILABILITY,domains.list,2026-10-03 05:54:11.840226+00:00
www.jurtym.cf,AVAILABILITY,domains.list,2026-10-03 05:54:13.494599+00:00
www.kedtise.com,AVAILABILITY,domains.list,2026-10-03 05:54:13.787869+00:00
www.kippbeak.cf,AVAILABILITY,domains.list,2026-10-03 05:54:15.321958+00:00
www.mhiobjnirs.gq,AVAILABILITY,domains.list,2026-10-03 05:54:17.471772+00:00
www.ledinund.com,AVAILABILITY,domains.list,2026-10-03 05:54:17.717866+00:00
www.kdmkauchahynhrs.ru,AVAILABILITY,domains.list,2026-10-03 05:54:18.612800+00:00
www.malictuiar.com,AVAILABILITY,domains.list,2026-10-03 05:54:18.919765+00:00
www.mighbest.host,AVAILABILITY,domains.list,2026-10-03 05:54:19.171622+00:00
www.mighbest.site,AVAILABILITY,domains.list,2026-10-03 05:54:19.377307+00:00
www.mighbest.pw,AVAILABILITY,domains.list,2026-10-03 05:54:19.602149+00:00
www.minercry.pt,AVAILABILITY,domains.list,2026-10-03 05:54:20.226362+00:00
www.moneone.ga,AVAILABILITY,domains.list,2026-10-03 05:54:20.485980+00:00
www.najsiejfnc.win,AVAILABILITY,domains.list,2026-10-03 05:54:20.738320+00:00
www.mytestminer.xyz,AVAILABILITY,domains.list,2026-10-03 05:54:21.133613+00:00
www.nebabrop.com,AVAILABILITY,domains.list,2026-10-03 05:54:21.362909+00:00
www.nexttime.ovh,AVAILABILITY,domains.list,2026-10-03 05:54:21.659847+00:00
www.nimiqtest.ml,AVAILABILITY,domains.list,2026-10-03 05:54:24.228660+00:00
www.hostcontent.live,AVAILABILITY,domains.list,2026-10-03 05:54:24.845531+00:00
www.open-hive-server-1.pp.ua,AVAILABILITY,domains.list,2026-10-03 05:54:28.371023+00:00
www.pasoherb.gq,AVAILABILITY,domains.list,2026-10-03 05:54:29.896069+00:00
www.pdheuryopd.loan,AVAILABILITY,domains.list,2026-10-03 05:54:30.207125+00:00
www.rintindown.com,AVAILABILITY,domains.list,2026-10-03 05:54:30.444450+00:00
www.rintinwa.com,AVAILABILITY,domains.list,2026-10-03 05:54:30.793077+00:00
www.skencituer.com,AVAILABILITY,domains.list,2026-10-03 05:54:31.111164+00:00
www.smectapop12.pl,AVAILABILITY,domains.list,2026-10-03 05:54:31.373166+00:00
www.sunnimiq2.cf,AVAILABILITY,domains.list,2026-10-03 05:54:33.220797+00:00
www.sunnimiq1.cf,AVAILABILITY,domains.list,2026-10-03 05:54:34.992962+00:00
www.ugmfvqsu.ru,AVAILABILITY,domains.list,2026-10-03 05:54:35.643233+00:00
www.tokyodrift.ga,AVAILABILITY,domains.list,2026-10-03 05:54:36.109073+00:00
www.toftofcal.com,AVAILABILITY,domains.list,2026-10-03 05:54:36.393927+00:00
www.unrummaged.com,AVAILABILITY,domains.list,2026-10-03 05:54:36.660273+00:00
www.wasm24.ru,AVAILABILITY,domains.list,2026-10-03 05:54:37.917495+00:00
www.verresof.com,AVAILABILITY,domains.list,2026-10-03 05:54:38.250285+00:00
www.wmtech.website,AVAILABILITY,domains.list,2026-10-03 05:54:38.523064+00:00
www.yqaywudifu.date,AVAILABILITY,domains.list,2026-10-03 05:54:38.814332+00:00
www.zndaowjdnf.stream,AVAILABILITY,domains.list,2026-10-03 05:54:39.395176+00:00
www.zymerget.party,AVAILABILITY,domains.list,2026-10-03 05:54:39.853553+00:00
www.zymerget.date,AVAILABILITY,domains.list,2026-10-03 05:54:40.203106+00:00
www.zymerget.faith,AVAILABILITY,domains.list,2026-10-03 05:54:40.714854+00:00
www.zymerget.stream,AVAILABILITY,domains.list,2026-10-03 05:54:41.348539+00:00
www.verifier.live,AVAILABILITY,domains.list,2026-10-03 05:54:42.010008+00:00
brominer.com,AVAILABILITY,domains.list,2026-10-03 05:54:42.334446+00:00
cdnjs.cloudflane.com,AVAILABILITY,domains.list,2026-10-03 05:54:43.452103+00:00
cdn.adless.io,AVAILABILITY,domains.list,2026-10-03 05:54:44.149462+00:00
go.bestmobiworld.com,AVAILABILITY,domains.list,2026-10-03 05:54:44.314280+00:00
ijfcm7bu6ocerxsfq56ka3dtdanunyp4ytwk745b54agtravj2wr2qqd.onion.pet,AVAILABILITY,domains.list,2026-10-03 05:54:45.569710+00:00
cloud-miner.de,AVAILABILITY,domains.list,2026-10-03 05:54:46.261719+00:00
mine.blank.drawpad.org,AVAILABILITY,domains.list,2026-10-03 05:54:47.117660+00:00
new.minr.pw,AVAILABILITY,domains.list,2026-10-03 05:54:47.303960+00:00
test.minr.pw,AVAILABILITY,domains.list,2026-10-03 05:54:47.492004+00:00
nametraff.com,AVAILABILITY,domains.list,2026-10-03 05:54:47.834363+00:00
d.cpufan.club,AVAILABILITY,domains.list,2026-10-03 05:54:48.125784+00:00
andlache.com,AVAILABILITY,domains.list,2026-10-03 05:54:48.416020+00:00
anybest.pw,AVAILABILITY,domains.list,2026-10-03 05:54:48.750595+00:00
ashgrrwt.click,AVAILABILITY,domains.list,2026-10-03 05:54:49.174569+00:00
berateveng.ru,AVAILABILITY,domains.list,2026-10-03 05:54:50.700624+00:00
bestcoinsignals.com,AVAILABILITY,domains.list,2026-10-03 05:54:58.720026+00:00
besti.ga,AVAILABILITY,domains.list,2026-10-03 05:54:59.414307+00:00
bmcm.pw,AVAILABILITY,domains.list,2026-10-03 05:54:59.679355+00:00
bmnr.pw,AVAILABILITY,domains.list,2026-10-03 05:54:59.951239+00:00
coinhiveproxy.com,AVAILABILITY,domains.list,2026-10-03 05:55:00.219846+00:00
coinminingonline.com,AVAILABILITY,domains.list,2026-10-03 05:55:00.485474+00:00
dark-utilities.me,AVAILABILITY,domains.list,2026-10-03 05:55:01.216094+00:00
dark-utilities.pw,AVAILABILITY,domains.list,2026-10-03 05:55:01.457863+00:00
dark-utilities.xyz,AVAILABILITY,domains.list,2026-10-03 05:55:01.963485+00:00
de-ner-mi-nis4.info,AVAILABILITY,domains.list,2026-10-03 05:55:02.934707+00:00
de-nis-ner-mi-5.info,AVAILABILITY,domains.list,2026-10-03 05:55:03.415061+00:00
eth-pocket.com,AVAILABILITY,domains.list,2026-10-03 05:55:03.645932+00:00
f1tbit.com,AVAILABILITY,domains.list,2026-10-03 05:55:03.876862+00:00
flighty.win,AVAILABILITY,domains.list,2026-10-03 05:55:04.469415+00:00
flightzy.date,AVAILABILITY,domains.list,2026-10-03 05:55:04.928411+00:00
flightzy.win,AVAILABILITY,domains.list,2026-10-03 05:55:05.398325+00:00
ininmacerad.pro,AVAILABILITY,domains.list,2026-10-03 05:55:06.700668+00:00
ledhenone.com,AVAILABILITY,domains.list,2026-10-03 05:55:06.977623+00:00
losital.ru,AVAILABILITY,domains.list,2026-10-03 05:55:07.620020+00:00
machieved.com,AVAILABILITY,domains.list,2026-10-03 05:55:07.896738+00:00
mebablo.com,AVAILABILITY,domains.list,2026-10-03 05:55:08.123606+00:00
minero.pw,AVAILABILITY,domains.list,2026-10-03 05:55:08.372624+00:00
minexmr.stream,AVAILABILITY,domains.list,2026-10-03 05:55:09.905709+00:00
money-maker-default.info,AVAILABILITY,domains.list,2026-10-03 05:55:10.399582+00:00
nathetsof.com,AVAILABILITY,domains.list,2026-10-03 05:55:10.608705+00:00
nch-software.info,AVAILABILITY,domains.list,2026-10-03 05:55:11.287285+00:00
ninaning.com,AVAILABILITY,domains.list,2026-10-03 05:55:11.583855+00:00
nvidia-graphics.top,AVAILABILITY,domains.list,2026-10-03 05:55:12.756626+00:00
panelsave.com,AVAILABILITY,domains.list,2026-10-03 05:55:13.045113+00:00
panger-top.click,AVAILABILITY,domains.list,2026-10-03 05:55:13.317520+00:00
pr0gram.org,AVAILABILITY,domains.list,2026-10-03 05:55:14.197914+00:00
proofly.win,AVAILABILITY,domains.list,2026-10-03 05:55:14.562064+00:00
scaleway.ovh,AVAILABILITY,domains.list,2026-10-03 05:55:15.329597+00:00
service4refresh.info,AVAILABILITY,domains.list,2026-10-03 05:55:15.882932+00:00
staticsfs.host,AVAILABILITY,domains.list,2026-10-03 05:55:16.230720+00:00
uoldid.ru,AVAILABILITY,domains.list,2026-10-03 05:55:17.023554+00:00
vceilinichego.ru,AVAILABILITY,domains.list,2026-10-03 05:55:17.830387+00:00
videoplayer2.xyz,AVAILABILITY,domains.list,2026-10-03 05:55:18.328731+00:00
webmine.pro,AVAILABILITY,domains.list,2026-10-03 05:55:19.065247+00:00
zymerget.win,AVAILABILITY,domains.list,2026-10-03 05:55:19.405166+00:00
mine.terorie.com,AVAILABILITY,domains.list,2026-10-03 05:55:19.652772+00:00
cnt.statistic.date,AVAILABILITY,domains.list,2026-10-03 05:55:19.921320+00:00
go.megabanners.cf,AVAILABILITY,domains.list,2026-10-03 05:55:21.575677+00:00
yqaywudifu.date,AVAILABILITY,domains.list,2026-10-03 05:55:21.911894+00:00
xmr.mining.best,AVAILABILITY,domains.list,2026-10-03 05:55:22.326557+00:00
zymerget.date,AVAILABILITY,domains.list,2026-10-03 05:55:22.906498+00:00
zndaowjdnf.stream,AVAILABILITY,domains.list,2026-10-03 05:55:23.601392+00:00
zymerget.party,AVAILABILITY,domains.list,2026-10-03 05:55:24.143560+00:00
zymerget.faith,AVAILABILITY,domains.list,2026-10-03 05:55:24.839573+00:00
zymerget.stream,AVAILABILITY,domains.list,2026-10-03 05:55:25.344409+00:00
www.never.ovh,AVAILABILITY,domains.list,2026-10-03 05:55:25.519892+00:00
cdn.static-cnt.bid,AVAILABILITY,domains.list,2026-10-03 05:55:25.815039+00:00
play1.flashx.pw,AVAILABILITY,domains.list,2026-10-03 05:55:26.030057+00:00
play2.flashx.pw,AVAILABILITY,domains.list,2026-10-03 05:55:26.214843+00:00
play4.flashx.pw,AVAILABILITY,domains.list,2026-10-03 05:55:26.384160+00:00
play5.flashx.pw,AVAILABILITY,domains.list,2026-10-03 05:55:26.596896+00:00
webminepool.tk,AVAILABILITY,domains.list,2026-10-03 05:55:32.985622+00:00
www2.adfreetv.ch,AVAILABILITY,domains.list,2026-10-03 05:55:33.364590+00:00
www.altavista.ovh,AVAILABILITY,domains.list,2026-10-03 05:55:33.682650+00:00
www.coin-cube.com,AVAILABILITY,domains.list,2026-10-03 05:55:33.999856+00:00
www.graftpool.ovh,AVAILABILITY,domains.list,2026-10-03 05:55:34.293454+00:00
www.webminepool.tk,AVAILABILITY,domains.list,2026-10-03 05:55:35.539592+00:00
8jd2lfsq.me,AVAILABILITY,domains.list,2026-10-03 05:55:36.195682+00:00
eth-pocket.de,AVAILABILITY,domains.list,2026-10-03 05:55:36.946770+00:00
aeros03.tk,AVAILABILITY,domains.list,2026-10-03 05:55:43.201416+00:00
1q2w3.me,AVAILABILITY,domains.list,2026-10-03 05:55:44.060234+00:00
aeros04.tk,AVAILABILITY,domains.list,2026-10-03 05:55:50.583095+00:00
cdn.jquery-uim.download,AVAILABILITY,domains.list,2026-10-03 05:55:51.031673+00:00
my.domain,AVAILABILITY,domains.list,2026-10-03 05:55:51.223677+00:00
www.monkeyminer.net,AVAILABILITY,domains.list,2026-10-03 05:55:51.446936+00:00
aeros06.tk,AVAILABILITY,domains.list,2026-10-03 05:55:57.728958+00:00
aeros05.tk,AVAILABILITY,domains.list,2026-10-03 05:56:03.684717+00:00
aeros08.tk,AVAILABILITY,domains.list,2026-10-03 05:56:09.819799+00:00
aeros09.tk,AVAILABILITY,domains.list,2026-10-03 05:56:16.243606+00:00
aeros07.tk,AVAILABILITY,domains.list,2026-10-03 05:56:23.847499+00:00
aeros10.tk,AVAILABILITY,domains.list,2026-10-03 05:56:29.871597+00:00
afflow.18-plus.net,AVAILABILITY,domains.list,2026-10-03 05:56:30.275575+00:00
alflying.bid,AVAILABILITY,domains.list,2026-10-03 05:56:31.615093+00:00
alflying.date,AVAILABILITY,domains.list,2026-10-03 05:56:31.984041+00:00
anybest.host,AVAILABILITY,domains.list,2026-10-03 05:56:32.308694+00:00
api.aalbbh84.info,AVAILABILITY,domains.list,2026-10-03 05:56:32.858734+00:00
anybest.space,AVAILABILITY,domains.list,2026-10-03 05:56:33.210247+00:00
api.jsecoin.com,AVAILABILITY,domains.list,2026-10-03 05:56:33.471555+00:00
as.cfcnet.top,AVAILABILITY,domains.list,2026-10-03 05:56:33.777058+00:00
bauersagtnein.myeffect.net,AVAILABILITY,domains.list,2026-10-03 05:56:34.184611+00:00
aymcsx.ru,AVAILABILITY,domains.list,2026-10-03 05:56:35.201333+00:00
baywttgdhe.download,AVAILABILITY,domains.list,2026-10-03 05:56:36.509474+00:00
bjorksta.men,AVAILABILITY,domains.list,2026-10-03 05:56:37.576638+00:00
blockchained.party,AVAILABILITY,domains.list,2026-10-03 05:56:38.153424+00:00
bsyauqwerd.party,AVAILABILITY,domains.list,2026-10-03 05:56:38.734036+00:00
ccvwtdtwyu.trade,AVAILABILITY,domains.list,2026-10-03 05:56:39.574249+00:00
cdn-analytics.pl,AVAILABILITY,domains.list,2026-10-03 05:56:41.161836+00:00
cdn.streambeam.io,AVAILABILITY,domains.list,2026-10-03 05:56:42.083267+00:00
clickwith.bid,AVAILABILITY,domains.list,2026-10-03 05:56:42.689804+00:00
ctlrnwbv.ru,AVAILABILITY,domains.list,2026-10-03 05:56:43.372366+00:00
d.cfcnet.top,AVAILABILITY,domains.list,2026-10-03 05:56:43.620112+00:00
d8acddffe978b5dfcae6.date,AVAILABILITY,domains.list,2026-10-03 05:56:43.946758+00:00
dexim.space,AVAILABILITY,domains.list,2026-10-03 05:56:44.170189+00:00
djfhwosjck.bid,AVAILABILITY,domains.list,2026-10-03 05:56:44.519861+00:00
dubester.pw,AVAILABILITY,domains.list,2026-10-03 05:56:44.883431+00:00
dubester.site,AVAILABILITY,domains.list,2026-10-03 05:56:45.152300+00:00
dubester.space,AVAILABILITY,domains.list,2026-10-03 05:56:45.346187+00:00
ermaseuc.ru,AVAILABILITY,domains.list,2026-10-03 05:56:46.269323+00:00
eu.cfcnet.top,AVAILABILITY,domains.list,2026-10-03 05:56:46.511439+00:00
ffinwwfpqi.gq,AVAILABILITY,domains.list,2026-10-03 05:56:49.465377+00:00
flightsy.date,AVAILABILITY,domains.list,2026-10-03 05:56:49.848320+00:00
flowplayer.space,AVAILABILITY,domains.list,2026-10-03 05:56:50.115130+00:00
gettate.date,AVAILABILITY,domains.list,2026-10-03 05:56:50.461794+00:00
gettate.faith,AVAILABILITY,domains.list,2026-10-03 05:56:50.883388+00:00
gettate.racing,AVAILABILITY,domains.list,2026-10-03 05:56:51.701355+00:00
gustaver.ddns.net,AVAILABILITY,domains.list,2026-10-03 05:56:51.964110+00:00
hodling.faith,AVAILABILITY,domains.list,2026-10-03 05:56:52.414175+00:00
hodlers.party,AVAILABILITY,domains.list,2026-10-03 05:56:52.948155+00:00
host.d-ns.ga,AVAILABILITY,domains.list,2026-10-03 05:56:53.199322+00:00
hostingcloud.live,AVAILABILITY,domains.list,2026-10-03 05:56:53.959202+00:00
jqrcdn.download,AVAILABILITY,domains.list,2026-10-03 05:56:54.478492+00:00
clgserv.pro,AVAILABILITY,domains.list,2026-10-03 05:56:55.329747+00:00
mi-de-ner-nis3.info,AVAILABILITY,domains.list,2026-10-03 05:56:56.201670+00:00
goldoffer.online,AVAILABILITY,domains.list,2026-10-03 05:56:56.475102+00:00
1q2w3.fun,AVAILABILITY,domains.list,2026-10-03 05:56:56.810382+00:00
coinpirate.cf,AVAILABILITY,domains.list,2026-10-03 05:56:58.048589+00:00
